ranks,threads,seconds
1,4,1.73029
2,4,0.888488
4,4,0.250996
8,4,43.531
16,4,90.5312
