ranks,seconds
1,0.857844
2,0.446757
4,0.229148
8,0.117556
16,0.0622648
32,0.0598828
64,0.0347684
