ranks,seconds
1,1.2119
2,0.612433
4,0.32625
8,0.168479
16,0.170199
32,0.0973957
64,0.0784185
